record_id,td_sim_0,td_sim_1,record_atd
67,191.0,768.0,479.5
111,75.0,625.0,350.0
226,60.0,642.0,351.0
455,4.0,643.0,323.5
625,192.0,769.0,480.5
814,33.0,664.0,348.5
983,21.0,658.0,339.5
1010,1545.0,154.0,849.5
1117,12.0,651.0,331.5
1237,61.0,628.0,344.5
1262,45.0,654.0,349.5
1296,,656.0,656.0
1297,917.0,1290.0,1103.5
1370,5.0,644.0,324.5
1672,6.0,645.0,325.5
average_simulation_TD,226.21428571428572,672.7333333333333,
