,file_name,recall_0.1,recall_0.25,recall_0.5,recall_0.75,recall_0.9,wss_0.95,loss,erf_0.1,atd,tp_0.1,tp_0.25,tp_0.5,tp_0.75,tp_0.9,fp_0.1,fp_0.25,fp_0.5,fp_0.75,fp_0.9,tn_0.1,tn_0.25,tn_0.5,tn_0.75,tn_0.9,fn_0.1,fn_0.25,fn_0.5,fn_0.75,fn_0.9,tnr_0.1,tnr_0.25,tnr_0.5,tnr_0.75,tnr_0.9
0,metrics_sim_without_priors.json,0.88,0.96,0.96,1.0,1.0,0.7983281086729362,0.05501054111033029,0.8,169.56,2,6,12,18,22,8,25,54,108,223,2838,2821,2792,2738,2623,23,19,13,7,3,0.997189,0.991216,0.981026,0.962052,0.921644
1,metrics_sim_with_priors.json,0.8846153846153846,0.9615384615384616,0.9615384615384616,1.0,1.0,0.8016011138183083,0.062197725000675476,0.7692307692307693,190.57692307692307,2,6,13,19,23,32,40,90,155,247,2815,2807,2757,2692,2600,24,20,13,7,3,0.98876,0.98595,0.968388,0.945557,0.913242
