,file_name,recall_0.1,recall_0.25,recall_0.5,recall_0.75,recall_0.9,wss_0.95,loss,erf_0.1,atd,tp_0.1,tp_0.25,tp_0.5,tp_0.75,tp_0.9,fp_0.1,fp_0.25,fp_0.5,fp_0.75,fp_0.9,tn_0.1,tn_0.25,tn_0.5,tn_0.75,tn_0.9,fn_0.1,fn_0.25,fn_0.5,fn_0.75,fn_0.9,tnr_0.1,tnr_0.25,tnr_0.5,tnr_0.75,tnr_0.9
0,metrics_sim_without_priors.json,0.88,0.96,0.96,1.0,1.0,0.7983281086729362,0.055249472944483485,0.8,170.24,2,6,12,18,22,8,25,54,108,223,2838,2821,2792,2738,2623,23,19,13,7,3,0.997189,0.991216,0.981026,0.962052,0.921644
1,metrics_sim_with_priors.json,0.9230769230769231,0.9615384615384616,0.9615384615384616,1.0,1.0,0.8103028193525931,0.06292723784820729,0.8076923076923077,192.65384615384616,2,6,13,19,23,37,43,93,137,235,2810,2804,2754,2710,2612,24,20,13,7,3,0.987004,0.984896,0.967334,0.951879,0.917457
