,file_name,recall_0.1,recall_0.25,recall_0.5,recall_0.75,recall_0.9,wss_0.95,loss,erf_0.1,atd,tp_0.1,tp_0.25,tp_0.5,tp_0.75,tp_0.9,fp_0.1,fp_0.25,fp_0.5,fp_0.75,fp_0.9,tn_0.1,tn_0.25,tn_0.5,tn_0.75,tn_0.9,fn_0.1,fn_0.25,fn_0.5,fn_0.75,fn_0.9,tnr_0.1,tnr_0.25,tnr_0.5,tnr_0.75,tnr_0.9
0,metrics_sim_without_priors.json,0.972972972972973,1.0,1.0,1.0,1.0,0.89740202553941,0.01598824129345772,0.8648648648648649,91.02702702702703,3,9,18,27,33,23,39,54,64,88,4482,4466,4451,4441,4417,34,28,19,10,4,0.994895,0.991343,0.988013,0.985794,0.980466
1,metrics_sim_with_priors.json,0.9736842105263158,1.0,1.0,1.0,1.0,0.8886443661971831,0.026975728268741093,0.868421052631579,141.05263157894737,3,9,19,28,34,56,78,110,122,151,4450,4428,4396,4384,4355,35,29,19,10,4,0.987572,0.98269,0.975588,0.972925,0.966489
