,file_name,recall_0.1,recall_0.25,recall_0.5,recall_0.75,recall_0.9,wss_0.95,loss,erf_0.1,atd,tp_0.1,tp_0.25,tp_0.5,tp_0.75,tp_0.9,fp_0.1,fp_0.25,fp_0.5,fp_0.75,fp_0.9,tn_0.1,tn_0.25,tn_0.5,tn_0.75,tn_0.9,fn_0.1,fn_0.25,fn_0.5,fn_0.75,fn_0.9,tnr_0.1,tnr_0.25,tnr_0.5,tnr_0.75,tnr_0.9
0,metrics_sim_without_priors.json,0.972972972972973,1.0,1.0,1.0,1.0,0.89740202553941,0.01598824129345772,0.8648648648648649,91.02702702702703,3,9,18,27,33,23,39,54,64,88,4482,4466,4451,4441,4417,34,28,19,10,4,0.994895,0.991343,0.988013,0.985794,0.980466
1,metrics_sim_with_priors.json,0.0,0.0,1.0,1.0,1.0,0.6003521126760564,0.3106793281472656,-0.10526315789473684,1419.421052631579,3,9,19,28,34,1325,1359,1391,1409,1428,3181,3147,3115,3097,3078,35,29,19,10,4,0.705948,0.698402,0.6913,0.687306,0.683089
