,file_name,recall_0.1,recall_0.25,recall_0.5,recall_0.75,recall_0.9,wss_0.95,loss,erf_0.1,atd,tp_0.1,tp_0.25,tp_0.5,tp_0.75,tp_0.9,fp_0.1,fp_0.25,fp_0.5,fp_0.75,fp_0.9,tn_0.1,tn_0.25,tn_0.5,tn_0.75,tn_0.9,fn_0.1,fn_0.25,fn_0.5,fn_0.75,fn_0.9,tnr_0.1,tnr_0.25,tnr_0.5,tnr_0.75,tnr_0.9
0,metrics_sim_without_priors.json,0.3373134328358209,0.5940298507462687,0.8925373134328358,0.9880597014925373,1.0,0.3437615016562385,0.18831159066130307,0.23880597014925373,616.5582089552239,33,83,167,251,301,21,85,316,679,1076,2361,2297,2066,1703,1306,302,252,168,84,34,0.991184,0.964316,0.867338,0.714945,0.548279
1,metrics_sim_with_priors.json,0.33630952380952384,0.5952380952380952,0.8809523809523809,0.9880952380952381,0.9970238095238095,0.3251195292386907,0.19127550306736207,0.23809523809523808,624.3095238095239,33,84,168,252,302,29,93,329,671,1088,2354,2290,2054,1712,1295,303,252,168,84,34,0.98783,0.960974,0.861939,0.718422,0.543433
