,file_name,recall_0.1,recall_0.25,recall_0.5,recall_0.75,recall_0.9,wss_0.95,loss,erf_0.1,atd,tp_0.1,tp_0.25,tp_0.5,tp_0.75,tp_0.9,fp_0.1,fp_0.25,fp_0.5,fp_0.75,fp_0.9,tn_0.1,tn_0.25,tn_0.5,tn_0.75,tn_0.9,fn_0.1,fn_0.25,fn_0.5,fn_0.75,fn_0.9,tnr_0.1,tnr_0.25,tnr_0.5,tnr_0.75,tnr_0.9
0,metrics_sim_without_priors.json,0.15454545454545454,0.35454545454545455,0.7,0.9272727272727272,0.9818181818181818,0.14236377590176516,0.3597430597626599,0.05454545454545454,1890.909090909091,11,27,55,82,99,372,839,1522,2711,3481,4730,4263,3580,2391,1621,99,83,55,28,11,0.927087,0.835555,0.701686,0.46864,0.317719
1,metrics_sim_with_priors.json,0.08108108108108109,0.3153153153153153,0.7027027027027027,0.9279279279279279,0.9819819819819819,0.12965093977752207,0.385381854517657,-0.018018018018018018,2022.6036036036037,11,27,55,83,99,524,987,1836,2817,3583,4579,4116,3267,2286,1520,100,84,56,28,12,0.897315,0.806584,0.640212,0.447972,0.297864
