record_id,td_sim_0,td_sim_1,record_atd
67,191.0,222.0,206.5
111,75.0,124.0,99.5
226,60.0,111.0,85.5
455,4.0,63.0,33.5
625,192.0,223.0,207.5
814,33.0,80.0,56.5
983,21.0,76.0,48.5
1010,1545.0,1446.0,1495.5
1117,12.0,75.0,43.5
1237,61.0,118.0,89.5
1262,45.0,97.0,71.0
1296,,94.0,94.0
1297,917.0,710.0,813.5
1370,5.0,64.0,34.5
1672,6.0,65.0,35.5
average_simulation_TD,226.21428571428572,237.86666666666667,
